{
	"info": {
		"_postman_id": "12c27979-1f41-491f-bc88-4aeb99e6a17a",
		"name": "reto_react_mongo",
		"schema": "https://schema.getpostman.com/json/collection/v2.1.0/collection.json",
		"_exporter_id": "21163207"
	},
	"item": [
		{
			"name": "products",
			"item": [
				{
					"name": "getAll",
					"request": {
						"method": "GET",
						"header": [],
						"url": {
							"raw": "http://localhost:3000/api/products",
							"protocol": "http",
							"host": [
								"localhost"
							],
							"port": "3000",
							"path": [
								"api",
								"products"
							]
						}
					},
					"response": []
				},
				{
					"name": "create",
					"request": {
						"method": "POST",
						"header": [],
						"body": {
							"mode": "raw",
							"raw": "{\r\n    \"name\": \"Producto Ejemplo\",\r\n    \"sku\": \"PRD-001\",\r\n    \"basePrice\": 99.99,\r\n    \"brand\": \"Marca Ejemplo\",\r\n    \"inStock\": true,\r\n    \"stock\": true\r\n}",
							"options": {
								"raw": {
									"language": "json"
								}
							}
						},
						"url": {
							"raw": "http://localhost:3000/api/products",
							"protocol": "http",
							"host": [
								"localhost"
							],
							"port": "3000",
							"path": [
								"api",
								"products"
							]
						}
					},
					"response": []
				},
				{
					"name": "getById",
					"request": {
						"method": "GET",
						"header": [],
						"url": {
							"raw": "http://localhost:3000/api/products/67b67d9c1ef1a3b8e83baa85",
							"protocol": "http",
							"host": [
								"localhost"
							],
							"port": "3000",
							"path": [
								"api",
								"products",
								"67b67d9c1ef1a3b8e83baa85"
							]
						}
					},
					"response": []
				},
				{
					"name": "update",
					"request": {
						"method": "PUT",
						"header": [],
						"body": {
							"mode": "raw",
							"raw": "{\r\n    \"name\": \"iPhone 14 Pro Max\",\r\n    \"sku\": \"IPH-14PROMAX-002\",\r\n    \"basePrice\": 1099.99,\r\n    \"brand\": \"Apple\",\r\n    \"inStock\": true,\r\n    \"stock\": true\r\n}",
							"options": {
								"raw": {
									"language": "json"
								}
							}
						},
						"url": {
							"raw": "http://localhost:3000/api/products/67b67ec745f485b95e924ff3",
							"protocol": "http",
							"host": [
								"localhost"
							],
							"port": "3000",
							"path": [
								"api",
								"products",
								"67b67ec745f485b95e924ff3"
							]
						}
					},
					"response": []
				},
				{
					"name": "delete",
					"request": {
						"method": "DELETE",
						"header": [],
						"url": {
							"raw": "http://localhost:3000/api/products/67b681d30bc9c322714ea333",
							"protocol": "http",
							"host": [
								"localhost"
							],
							"port": "3000",
							"path": [
								"api",
								"products",
								"67b681d30bc9c322714ea333"
							]
						}
					},
					"response": []
				}
			]
		}
	]
}